"cod_municipio","volume_agua_produzido","agua_consumida","populacao_total","Estado.x","agua_consumida_por_habitante"
220005,501,78.59,6933,"PI",0.113356411365931
220025,900,0,7501,"PI",0
220027,0,0,4832,"PI",0
220045,0,19,5278,"PI",0.0359984842743463
220070,346.51,196.67,9597,"PI",0.204928623528186
220090,282.41,149.99,5763,"PI",0.260263751518306
220095,NA,NA,2460,"PI",NA
220105,0,0,7686,"PI",0
220110,770,578.37,11433,"PI",0.505877722382577
220155,NA,NA,3919,"PI",NA
220157,111.58,64.91,3464,"PI",0.187384526558891
220170,361.5,201.01,5402,"PI",0.372102924842651
220173,NA,NA,6097,"PI",NA
220180,169.43,90.94,4436,"PI",0.205004508566276
220190,1993.79,1088.37,24327,"PI",0.447391786903441
220192,89.43,46.94,5549,"PI",0.0845918183456479
220198,671,0,3871,"PI",0
220202,0,0,8188,"PI",0
220207,NA,NA,3471,"PI",NA
220209,NA,NA,5674,"PI",NA
220210,165.12,85.33,5507,"PI",0.154948247684765
220211,NA,NA,4911,"PI",NA
220213,820,20.26,5801,"PI",0.0349250129288054
220225,137.1,85.47,3904,"PI",0.218929303278689
220230,4484,0,20700,"PI",0
220245,0,0,4008,"PI",0
220250,193.18,99.16,10641,"PI",0.0931867305704351
220255,105.55,60.52,4994,"PI",0.121185422507008
220260,3980,0,18160,"PI",0
220275,171.71,90.45,6314,"PI",0.14325308837504
220277,235.89,125.52,7527,"PI",0.166759665205261
220280,872,0,4536,"PI",0
220285,163.01,84.98,4602,"PI",0.184658843980878
220310,523.94,285.86,10214,"PI",0.279870765615821
220320,696,347.33,11121,"PI",0.312319036057908
220323,NA,NA,4845,"PI",NA
220327,81.02,43.88,5086,"PI",0.0862760519071962
220335,143.4,74.21,6862,"PI",0.108146313028272
220340,1378,0,6756,"PI",0
220342,92.3,47.5,4290,"PI",0.110722610722611
220345,NA,NA,9387,"PI",NA
220360,371.73,191.64,4807,"PI",0.398668608279592
220375,NA,NA,5199,"PI",NA
220380,153.08,100.9,4394,"PI",0.229631315430132
220385,NA,NA,2515,"PI",NA
220415,NA,NA,3097,"PI",NA
220420,1207,0,9054,"PI",0
220430,2378,514.78,11372,"PI",0.452673232500879
220435,NA,NA,5319,"PI",NA
220455,136.2,70.95,4478,"PI",0.158441268423403
220470,3020,39.45,15044,"PI",0.0262230789683595
220480,1524,0,9599,"PI",0
220490,206.19,106.09,8408,"PI",0.126177450047574
220500,285.66,149.66,11354,"PI",0.131812577065351
220510,2354,0,10828,"PI",0
220515,166.92,88.28,5682,"PI",0.155367828229497
220520,366.42,198.81,18660,"PI",0.106543408360129
220535,0,0,2965,"PI",0
220551,549,0,5380,"PI",0
220552,129.98,79.12,5510,"PI",0.143593466424682
220553,155.01,78.94,4657,"PI",0.169508267124758
220556,NA,NA,4579,"PI",NA
220557,NA,NA,6611,"PI",NA
220559,NA,NA,5047,"PI",NA
220590,286.77,146.93,5263,"PI",0.279175375261258
220595,NA,NA,8249,"PI",NA
220605,NA,NA,6323,"PI",NA
220635,0,0,6517,"PI",0
220650,1330,0,7586,"PI",0
220665,NA,NA,4073,"PI",NA
220670,177.11,142.34,7261,"PI",0.196033604186751
220690,270.17,168.7,6483,"PI",0.260219034397655
220700,7095,1777.13,36329,"PI",0.489176690797985
220720,283.78,141.52,6748,"PI",0.209721398933017
220730,584,0,4071,"PI",0
220735,100,40,3308,"PI",0.120918984280532
220740,98.5,53.7,4980,"PI",0.107831325301205
220755,53.7,32.12,3900,"PI",0.0823589743589744
220777,150.18,77.07,6257,"PI",0.123174045069522
220780,944.63,494.26,20168,"PI",0.245071400238001
220785,169.04,86.32,3637,"PI",0.23733846576849
220790,1633.91,863.92,38055,"PI",0.227018788595454
220793,NA,NA,2481,"PI",NA
220795,66.67,37.19,4286,"PI",0.0867708819412039
220800,4891.17,3079.92,76544,"PI",0.402372491638796
220810,1745,0,11913,"PI",0
220820,2076,435.63,18061,"PI",0.241199269143458
220830,7524,1124.89,28160,"PI",0.399463778409091
220865,NA,NA,8796,"PI",NA
220870,NA,NA,8600,"PI",NA
220887,NA,NA,4381,"PI",NA
220900,255.35,198.53,6329,"PI",0.313683046294833
220910,344.6,177.45,6127,"PI",0.289619716011098
220915,1311,0,3926,"PI",0
220930,220.66,122.17,5719,"PI",0.213621262458472
220935,160.02,87.13,4544,"PI",0.19174735915493
220937,1437,0,5178,"PI",0
220940,317.68,160.94,6244,"PI",0.257751441383728
220950,181.37,117.6,3720,"PI",0.316129032258064
220955,19.82,9.69,4371,"PI",0.022168840082361
220965,653,0,5786,"PI",0
220970,100.73,80.96,6329,"PI",0.127919102543846
220985,709,0,4523,"PI",0
220987,NA,NA,5898,"PI",NA
220990,305.65,157.88,6081,"PI",0.25962835060023
220995,0,0,4747,"PI",0
221000,5183,1247.26,20146,"PI",0.619110493398193
221005,187.66,95.46,5246,"PI",0.181967213114754
221010,165.35,110.23,3697,"PI",0.298160670814174
221020,179.03,94.11,6610,"PI",0.142375189107413
221030,1907,274.52,6244,"PI",0.439654067905189
221035,106.17,57.5,4493,"PI",0.127976852882261
221037,68.01,38.72,2595,"PI",0.149210019267823
221039,NA,NA,2993,"PI",NA
221040,334.01,258.5,18105,"PI",0.142778238055786
221060,8081,1945.2,33802,"PI",0.575468907165256
221063,502,0,4209,"PI",0
221070,489.77,243.65,14411,"PI",0.169072236486018
221080,595.12,332.38,12424,"PI",0.267530585962653
221090,118.38,72.13,4512,"PI",0.159862588652482
221093,NA,NA,6545,"PI",NA
221095,NA,NA,2851,"PI",NA
221097,NA,NA,2703,"PI",NA
221130,1102.95,730.52,20568,"PI",0.355173084402956
221135,439,81.3,4889,"PI",0.1662916751892
221150,NA,NA,3025,"PI",NA
221160,NA,NA,2965,"PI",NA
221170,564,0,4375,"PI",0
230010,173.35,126.1,11357,"CE",0.111032843180417
230015,874.06,377.83,16288,"CE",0.231968320235756
230030,8480,1316.12,53135,"CE",0.247693610614473
230040,NA,NA,16997,"CE",NA
230050,1193,99.68,11321,"CE",0.0880487589435562
230060,216.5,160.34,7344,"CE",0.21832788671024
230070,194.37,167.62,16876,"CE",0.0993244844749941
230080,358.46,210.56,7227,"CE",0.291351874913519
230090,2292,259.5,14565,"CE",0.17816683831102
230110,15184,3250.88,72727,"CE",0.446997676241286
230120,1635.07,737.43,26134,"CE",0.282172648656922
230125,1606,0,10775,"CE",0
230130,3690,405.08,21289,"CE",0.190276668702147
230140,1272,0,11358,"CE",0
230150,167.89,105.18,7771,"CE",0.1353493758847
230160,733.21,384.21,23126,"CE",0.166137680532734
230170,4735,825.23,24602,"CE",0.335432078692789
230180,146.4,109.82,6198,"CE",0.177186189093256
230185,438.56,354.5,17906,"CE",0.197978331285603
230190,2890.91,1448.9,58855,"CE",0.246181293008241
230195,5043,483.52,20687,"CE",0.23373132885387
230200,703.03,453.13,22279,"CE",0.203388841509942
230210,8533,1413.73,34949,"CE",0.404512289335889
230240,9222,236,53838,"CE",0.0438352093316988
230250,NA,NA,48056,"CE",NA
230270,746.47,497.01,27123,"CE",0.183243004092468
230280,8416,1636.45,76998,"CE",0.212531494324528
230290,254.44,199.69,17573,"CE",0.113634553007455
230300,1741,226.39,21800,"CE",0.103848623853211
230310,2468,402.59,18645,"CE",0.215923840171628
230320,1556.22,840,26858,"CE",0.31275597587311
230330,252.86,227.7,18810,"CE",0.121052631578947
230340,4564,534.36,17463,"CE",0.305995533413503
230360,2635,362.59,20079,"CE",0.18058170227601
230365,142.64,139.3,10294,"CE",0.13532154653196
230370,21273.91,9829.76,353932,"CE",0.277730185459354
230380,1075.19,553.11,25013,"CE",0.221129012913285
230393,187.9,128.7,13294,"CE",0.0968105912441703
230395,4185,72.51,19192,"CE",0.0377813672363485
230400,4148,44.03,22889,"CE",0.0192363143868234
230410,2298.3,1529.76,74271,"CE",0.205970028678758
230420,9097.72,7007.76,128680,"CE",0.544588125582841
230423,1842,0,17728,"CE",0
230426,1790,190.25,9444,"CE",0.201450656501482
230427,170.6,130.6,7104,"CE",0.18384009009009
230430,2930,270.02,18861,"CE",0.1431631408727
230435,5353,662.13,23544,"CE",0.281230886850153
230450,3592,598.72,13541,"CE",0.442153459862639
230460,1356,199.51,6763,"CE",0.295002217950614
230465,2371,161.33,15294,"CE",0.105485811429319
230480,687,97.41,4494,"CE",0.21675567423231
230490,3037,35.22,10847,"CE",0.0324698073199963
230500,5532,610.23,39151,"CE",0.155865750555541
230510,80.53,67.2,3720,"CE",0.180645161290323
230520,359.39,327.61,20055,"CE",0.163355771628023
230523,19112,3930.93,63365,"CE",0.620362976406533
230526,NA,NA,13188,"CE",NA
230530,4121,642.89,24649,"CE",0.260817883078421
230533,436.23,330.85,12130,"CE",0.27275350370981
230535,2147,0,19418,"CE",0
230540,12881,3478,67198,"CE",0.517574927825233
230550,27964,6307.65,101386,"CE",0.622142110350541
230560,404.68,341.16,25957,"CE",0.131432754170359
230565,NA,NA,11499,"CE",NA
230570,2597,0,12305,"CE",0
230580,NA,NA,41391,"CE",NA
230590,NA,NA,38022,"CE",NA
230600,3857,53.07,14071,"CE",0.0377158695188686
230610,3088,190.99,23543,"CE",0.081123900947203
230620,1295,178.14,7656,"CE",0.232680250783699
230630,1555.2,1404.49,51113,"CE",0.274781366775576
230640,22188,3441.25,124950,"CE",0.275410164065626
230650,3649,662.83,19724,"CE",0.336052524842831
230660,664,0,20285,"CE",0
230670,3504,259.83,17997,"CE",0.144374062343724
230680,618.5,295.2,11102,"CE",0.26589803638984
230690,9850,2301.74,34561,"CE",0.66599346083736
230700,1180.98,818.29,33469,"CE",0.244491917894171
230710,NA,NA,27072,"CE",NA
230720,1435,0,7807,"CE",0
230730,84123,0,266022,"CE",0
230740,1514,914,24479,"CE",0.373381265574574
230750,1086.53,679.93,31383,"CE",0.216655514131855
230760,5280.04,4593.96,58175,"CE",0.789679415556511
230763,NA,NA,19425,"CE",NA
230770,4629.36,3124.8,123570,"CE",0.252876911871814
230800,7505,1372,37560,"CE",0.365282215122471
230810,5771,0,46113,"CE",0
230820,175.13,123.99,14674,"CE",0.0844963881695516
230830,453.5,309.68,28354,"CE",0.109219157790788
230835,NA,NA,13170,"CE",NA
230837,298.89,204.68,13428,"CE",0.152427762883527
230840,1049.05,576.93,35240,"CE",0.163714528944381
230850,6643,934.08,43619,"CE",0.214145211948921
230860,335.21,278.34,17012,"CE",0.163613919586174
230870,2960,2487,61903,"CE",0.401757588485211
230900,413.74,248.48,14357,"CE",0.173072368879292
230910,1294,103.53,12526,"CE",0.0826520836659748
230920,3958,0,15181,"CE",0
230930,NA,NA,31870,"CE",NA
230940,5225,680.77,28220,"CE",0.241236711552091
230945,2872,273.4,25123,"CE",0.108824583051387
230950,831.53,654.69,21394,"CE",0.306015705337945
230960,1631.1,1627.9,68800,"CE",0.236613372093023
230980,82.21,72.21,11910,"CE",0.0606297229219143
230990,202.52,150.94,6168,"CE",0.244714656290532
231000,2208,346.7,9209,"CE",0.376479530893691
231010,84.23,81.22,12895,"CE",0.0629856533540132
231030,4799,479.8,31293,"CE",0.153325024765922
231040,2228,255.52,11549,"CE",0.221248592951771
231050,4677,706,42746,"CE",0.165161652552286
231060,462.52,264.33,8817,"CE",0.299795848928207
231070,8136,1139.16,36773,"CE",0.309781633263536
231080,226.32,201.01,16115,"CE",0.124734719205709
231090,2634,248.62,16461,"CE",0.151035781544256
231095,210.86,89.8,10674,"CE",0.08412966085816
231100,2730,0,12224,"CE",0
231110,412.64,231.71,15010,"CE",0.154370419720187
231120,1971,258.55,10790,"CE",0.239620018535681
231123,126.16,86.88,6318,"CE",0.137511870845204
231126,2151,213.75,20690,"CE",0.103310778153697
231130,18198,3768.43,85351,"CE",0.441521481880704
231135,2238,370,14949,"CE",0.247508194528062
231140,17669,2009.09,77174,"CE",0.260332495400005
231150,2696,380.93,21572,"CE",0.176585388466531
231160,939.65,690.42,27272,"CE",0.253160750953359
231170,469.83,291.92,19015,"CE",0.15352090454904
231180,2697.52,1951.7,75018,"CE",0.260164227252126
231190,2134,330.8,15753,"CE",0.209991747603631
231195,6.01,0,16161,"CE",0
231200,565.85,431.14,31596,"CE",0.136453981516648
231210,2101,31.5,17468,"CE",0.018032974582093
231220,8209,1094.87,43359,"CE",0.252512742452547
231230,8450,789.15,46171,"CE",0.170918975114249
231250,NA,NA,7721,"CE",NA
231270,926.51,450.84,26547,"CE",0.169827099107244
231290,60137,576.4,201756,"CE",0.0285691627510458
231300,3512,402.45,18094,"CE",0.222421797280867
231310,1749.45,948.42,30263,"CE",0.313392591613522
231320,467.9,363.28,25597,"CE",0.141922881587686
231325,1021,0,8899,"CE",0
231330,10851,1533.51,57701,"CE",0.26576835756746
231335,156.47,115.19,18510,"CE",0.0622312263641275
231340,19547,3834.04,73468,"CE",0.521865301900147
231360,5878,976.52,33792,"CE",0.288979640151515
231370,1117,17.5,7665,"CE",0.0228310502283105
231375,4019,633.64,19521,"CE",0.324594026945341
231380,1149.51,544.81,21206,"CE",0.256913137791191
231395,4745,442.18,18136,"CE",0.243813409792678
231400,8987,60.4,40062,"CE",0.0150766312216065
240010,3201,317.03,11344,"RN",0.279469322990127
240020,12361,3734.17,57292,"RN",0.651778607833554
240030,1413,0,11202,"RN",0
240040,708,111.68,3210,"RN",0.34791277258567
240050,526.04,526.04,13852,"RN",0.37975743574935
240060,1104,224.93,4899,"RN",0.459134517248418
240070,2895,996.66,13915,"RN",0.716248652533237
240080,821.06,505.1,11907,"RN",0.424204249601075
240090,NA,0,7205,"RN",0
240100,6850,0,36189,"RN",0
240110,6976,0,27356,"RN",0
240130,1803,267.93,9716,"RN",0.275761630300535
240145,1130.87,708.77,27238,"RN",0.260213672075777
240150,922,390.34,4066,"RN",0.960009837678308
240160,598,0,5458,"RN",0
240165,507,143.81,2358,"RN",0.609881255301103
240170,1445.29,411.99,10114,"RN",0.407346252719003
240180,737,824.44,12509,"RN",0.659077464225758
240185,420.58,154.2,6587,"RN",0.234097464703203
240190,236.37,175.12,3608,"RN",0.485365853658537
240200,19416,3267.64,67259,"RN",0.485829405730088
240210,214.07,177.39,11066,"RN",0.160301825411169
240230,1291.66,641.07,20564,"RN",0.311743824158724
240240,NA,0,8045,"RN",0
240250,519.33,119.48,10760,"RN",0.111040892193309
240270,358.11,265.36,11318,"RN",0.234458384873653
240280,759,0,5587,"RN",0
240290,498,86.48,4963,"RN",0.174249445899657
240300,2468,17.81,8164,"RN",0.0218152866242038
240310,1161.34,923.09,44887,"RN",0.205647514870675
240320,102.5,91.81,7184,"RN",0.127797884187082
240330,1310,26.46,5593,"RN",0.0473091364205257
240340,192.64,148.38,6087,"RN",0.243765401675702
240370,626.91,119.46,6013,"RN",0.198669549309829
240375,213.36,161.2,3037,"RN",0.530786960816595
240380,304.25,246.36,9254,"RN",0.266220012967365
240390,132.95,64.15,2909,"RN",0.220522516328635
240400,772,183.46,4228,"RN",0.433916745506149
240410,NA,NA,2584,"RN",NA
240430,428.12,223.67,13048,"RN",0.171420907418761
240440,670.99,371.63,10197,"RN",0.364450328527998
240450,679,464.62,14633,"RN",0.317515205357753
240460,511,0,13400,"RN",0
240470,1070,0,15147,"RN",0
240480,277,113.45,2221,"RN",0.510805943268798
240485,NA,NA,7457,"RN",NA
240490,494.87,178.11,5878,"RN",0.303011228308949
240500,1063,0,8827,"RN",0
240510,185.27,109.61,6898,"RN",0.15890113076254
240520,136.12,116.22,5419,"RN",0.214467613950913
240530,355.27,211.71,9879,"RN",0.214303067112056
240540,193.38,139.38,5366,"RN",0.259746552366754
240550,81.92,47.18,2669,"RN",0.176770325964781
240560,3391,31.06,14606,"RN",0.021265233465699
240570,3448,539.05,12553,"RN",0.42941926232773
240580,4976,0,34585,"RN",0
240590,NA,0,2691,"RN",0
240600,211.55,130.06,6049,"RN",0.215010745577781
240610,4303,614.15,18450,"RN",0.332872628726287
240620,273.81,153.5,6692,"RN",0.229378362223551
240630,1167,0,7478,"RN",0
240640,298.04,106.84,2765,"RN",0.386401446654611
240650,1758,521.52,15274,"RN",0.341442974990179
240660,233.47,213.43,8142,"RN",0.262134610660771
240670,1781,512.49,11151,"RN",0.459591068065644
240680,115.69,81.03,4803,"RN",0.168707058088695
240690,610,241.01,3933,"RN",0.612789219425375
240700,0,0,10129,"RN",0
240710,9767,0,78021,"RN",0
240720,6987,2180.83,31318,"RN",0.696350341656555
240725,NA,NA,3906,"RN",NA
240730,1858,295.99,8499,"RN",0.348264501706083
240740,1913,389.15,8706,"RN",0.446990581208362
240760,107.17,40.3,4530,"RN",0.088962472406181
240780,1013.51,605.83,22155,"RN",0.273450688332205
240790,116.71,56.24,2219,"RN",0.253447498873366
240800,48516,5062.95,288162,"RN",0.175698044849772
240830,8668,1354.58,37395,"RN",0.362235592993716
240840,204.46,112.48,4370,"RN",0.257391304347826
240850,1297,9.74,4871,"RN",0.0199958940669267
240860,542,116.15,4222,"RN",0.275106584557082
240870,1122,158.64,3891,"RN",0.407710100231303
240880,280.61,105.79,5173,"RN",0.204504156195631
240890,5700,1101.78,21483,"RN",0.512861332216171
240910,2744,30.31,12655,"RN",0.0239510075069143
240920,105.11,58.03,3075,"RN",0.188715447154472
240930,124.08,14.88,12706,"RN",0.0117110026759011
240933,179.88,126.28,5341,"RN",0.236435124508519
240940,8744,1518.65,29954,"RN",0.506994057554918
240950,345,0,3429,"RN",0
240960,62.98,62.39,2568,"RN",0.242951713395639
240970,293.13,175.08,7059,"RN",0.248023799405015
240990,1101.75,460.03,14751,"RN",0.311863602467629
241000,885,76.18,3761,"RN",0.20255251262962
241010,1199.19,410.22,15139,"RN",0.270969020410859
241020,1493,278,7811,"RN",0.355908334400205
241025,535,0,5884,"RN",0
241030,500.69,313.38,9814,"RN",0.319319339718769
241040,727.23,126.45,9331,"RN",0.135516021862609
241050,861,106.1,5040,"RN",0.210515873015873
241060,167.44,167.44,3213,"RN",0.521132897603486
241070,140.79,62.83,3485,"RN",0.180286944045911
241080,457,0,4278,"RN",0
241090,437.19,214.26,7863,"RN",0.272491415490271
241100,247.93,138.3,4547,"RN",0.304156586760501
241105,577.94,205.22,4019,"RN",0.510624533466036
241110,142.86,92.32,3678,"RN",0.251005981511691
241120,2720,1970,38924,"RN",0.50611447949851
241140,379.67,271.3,13605,"RN",0.199411980889379
241142,360,76.64,2675,"RN",0.286504672897196
241150,2616,0,23865,"RN",0
241160,242.44,81.88,2905,"RN",0.281858864027539
241170,788,0,4318,"RN",0
241180,944,131.89,3587,"RN",0.367688876498467
241190,1099,0,4173,"RN",0
241210,1479,458.8,6218,"RN",0.737857832100354
241230,655.82,310.46,12933,"RN",0.240052578674708
241240,109.9,87.33,4567,"RN",0.191219619005912
241250,NA,0,23274,"RN",0
241255,76.88,27.46,9427,"RN",0.0291290972737881
241260,895.62,536.95,17239,"RN",0.311473983409711
241270,347.41,147.45,6216,"RN",0.237210424710425
241280,616.17,194.46,8347,"RN",0.232969929315922
241290,574.72,275.71,11205,"RN",0.246059794734494
241300,192.15,187.12,6400,"RN",0.292375
241310,385.65,195.31,6087,"RN",0.320864136684738
241330,425.45,117.96,5883,"RN",0.20050994390617
241335,356.68,8.63,11507,"RN",0.0074997827409403
241340,6,340.1,8130,"RN",0.418327183271833
241350,815,0,6518,"RN",0
241355,145.74,113.42,4797,"RN",0.23643944131749
241360,718.67,186.1,3893,"RN",0.478037503210891
241370,135.02,97.17,5433,"RN",0.178851463279956
241380,429,59.03,2518,"RN",0.234432088959492
241390,691.21,283.04,12366,"RN",0.228885654213165
241400,927.37,523.78,15529,"RN",0.337291519093309
241410,1206,42.2,10646,"RN",0.0396393011459703
241415,408.99,206.95,5757,"RN",0.359475421226333
241430,108.6,58.01,2418,"RN",0.239909015715467
241440,230.91,75.33,33506,"RN",0.0224825404405181
241445,230.9,93.78,3366,"RN",0.278609625668449
241450,693.25,321.32,10835,"RN",0.296557452699585
241460,2663,0,14282,"RN",0
241470,1403,183.27,5512,"RN",0.332492743105951
241475,394,88.18,4121,"RN",0.213977190002427
241480,899.45,475.23,12016,"RN",0.395497669773635
241490,544,93.39,1714,"RN",0.544865810968495
250010,251.4,138.27,10083,"PB",0.137131806010116
250020,683,175.53,5573,"PB",0.314965009869011
250053,0,0,5451,"PB",0
250057,0,0,2475,"PB",0
250070,0,0,17929,"PB",0
250073,499,74.6,2212,"PB",0.337251356238698
250077,1201,307.02,8263,"PB",0.371559966114002
250090,3486,12.39,13355,"PB",0.00927742418569824
250100,3010,136.27,20051,"PB",0.0679616976709391
250115,272,1.62,1880,"PB",0.00861702127659575
250120,0,0,6900,"PB",0
250130,0,0,19204,"PB",0
250135,NA,NA,3830,"PB",NA
250150,76.67,51.41,21235,"PB",0.0242100306098422
250153,NA,NA,4758,"PB",NA
250157,45,96.96,8249,"PB",0.117541520184265
250160,411.34,283.95,15145,"PB",0.187487619676461
250170,0,0,5905,"PB",0
250200,1447,15.07,7320,"PB",0.0205874316939891
250205,0,0,3356,"PB",0
250210,593,0,5473,"PB",0
250215,1433,235.66,6884,"PB",0.342330040674027
250220,481,105.55,2532,"PB",0.416864139020537
250230,660,64.94,5007,"PB",0.129698422208908
250240,2617,29.09,11684,"PB",0.0248972954467648
250250,3451,18.57,17670,"PB",0.010509337860781
250260,824,431.99,6191,"PB",0.697770957842029
250280,574.46,388.72,13900,"PB",0.279654676258993
250290,205.45,154.37,6413,"PB",0.240714174333385
250310,166.65,83.27,5449,"PB",0.152817030647825
250330,1011,167.78,10114,"PB",0.165888866917145
250340,316,112.64,3713,"PB",0.303366549959601
250350,1882,151.26,17149,"PB",0.0882033937838941
250355,0,2.22,7112,"PB",0.0031214848143982
250360,204.89,99.77,7293,"PB",0.136802413273001
250370,18932,3125.42,61431,"PB",0.508769188194885
250375,313,79.07,3165,"PB",0.249826224328594
250390,1512,244.89,5971,"PB",0.410132306146374
250400,124677,22270.19,405072,"PB",0.549783495279851
250407,405,82.45,4115,"PB",0.200364520048603
250410,0,0,2601,"PB",0
250415,647,0,7394,"PB",0
250420,1002,7.43,4920,"PB",0.0151016260162602
250430,6137,1452.36,30179,"PB",0.481248550316445
250435,511,125.2,4779,"PB",0.261979493617912
250440,3875,36.9,18860,"PB",0.0195652173913043
250450,342.32,197.07,6733,"PB",0.29269270755978
250470,1080,285.11,4780,"PB",0.596464435146444
250480,NA,NA,15409,"PB",NA
250485,283,64.18,1892,"PB",0.339217758985201
250500,242.88,172.87,7193,"PB",0.240330877241763
250510,0,0,20325,"PB",0
250530,NA,NA,2523,"PB",NA
250535,0,0,5246,"PB",0
250540,0,0,8253,"PB",0
250550,197.04,81.98,3744,"PB",0.218963675213675
250560,1326,7.94,6591,"PB",0.0120467303899257
250570,0,0,10456,"PB",0
250590,355,112.95,3485,"PB",0.324103299856528
250600,5158,24.2,32785,"PB",0.00738142443190483
250610,1360,331.16,11378,"PB",0.291052909122869
250620,757,2.85,2986,"PB",0.00954454119223041
250625,0,0,8450,"PB",0
250650,88.8,75.31,3376,"PB",0.223074644549763
250660,1039,294.69,5974,"PB",0.493287579511215
250670,447,150.33,11749,"PB",0.127951315005532
250680,618.69,466.05,18042,"PB",0.258313934153642
250690,1799.45,797.78,24565,"PB",0.324762874007735
250700,1036.07,545.07,24499,"PB",0.222486632107433
250720,1168,263.56,10739,"PB",0.245423223763851
250740,1236,12.87,7717,"PB",0.0166774653362706
250770,507.93,373.04,17902,"PB",0.208378952072394
250780,NA,NA,7054,"PB",NA
250800,900,250.47,9892,"PB",0.253204609785685
250810,83.46,69.09,4687,"PB",0.147407723490506
250830,2641,603.9,27247,"PB",0.221639079531692
250840,352,49.57,2765,"PB",0.179276672694394
250850,162.25,132.62,7355,"PB",0.180312712440517
250855,457,69.55,4254,"PB",0.163493182886695
250870,0,0,4026,"PB",0
250880,1275,331.85,5672,"PB",0.585066995768688
250900,2314,9.26,11066,"PB",0.0083679739743358
250915,3579.63,3472.69,6522,"PB",5.32457835019932
250920,263.17,130.44,13654,"PB",0.0955324447048484
250937,219,23.76,2869,"PB",0.0828163123039387
250939,1481,8.67,6441,"PB",0.0134606427573358
250940,788,394.99,13317,"PB",0.296605842156642
250950,0,0,5528,"PB",0
250960,115.88,96.32,4759,"PB",0.202395461231351
250970,1106.93,872.53,32774,"PB",0.266226276926832
250990,1031,129.68,10450,"PB",0.124095693779904
251000,104.45,86.26,7318,"PB",0.117873735993441
251010,0,0,10650,"PB",0
251020,637,245.41,5999,"PB",0.409084847474579
251030,0,3.22,4784,"PB",0.00673076923076923
251040,812,300.67,6646,"PB",0.452407463135721
251050,110.65,64.16,3880,"PB",0.165360824742268
251060,686,6.48,3023,"PB",0.0214356599404565
251065,33.35,29.96,1795,"PB",0.166908077994429
251070,76.66,71.68,2383,"PB",0.300797314309694
251080,32390,6589.38,106314,"PB",0.619803600654665
251090,1288,543.11,12216,"PB",0.444589063523248
251100,0,500,3796,"PB",1.31717597471022
251110,1216,6.28,7982,"PB",0.00786770233024305
251130,3296,632.7,15985,"PB",0.395808570534877
251140,731.11,422.58,18670,"PB",0.226341724692019
251200,3550,211.8,18272,"PB",0.115915061295972
251203,0,34.67,3778,"PB",0.0917681312863949
251207,765,4.07,4245,"PB",0.00958775029446408
251210,9848,40.05,32712,"PB",0.0122432134996332
251220,138.72,84.32,4109,"PB",0.205208079824775
251230,360.4,260.1,22995,"PB",0.113111545988258
251240,56.15,48.2,13557,"PB",0.0355535885520395
251250,7945,1138.76,43667,"PB",0.260782742116472
251260,304,2.5,1901,"PB",0.0131509731720147
251270,0,0,19149,"PB",0
251274,0,0,3531,"PB",0
251275,120.66,62.4,4476,"PB",0.13941018766756
251278,0,0,1923,"PB",0
251280,0,9.41,8563,"PB",0.0109891393203317
251300,593,10.92,3871,"PB",0.0282097649186257
251310,1255,359.45,12144,"PB",0.295989789196311
251315,NA,NA,6583,"PB",NA
251320,1086,115.1,6579,"PB",0.174950600395197
251330,1128,11.55,5917,"PB",0.0195200270407301
251335,0,0,3594,"PB",0
251340,4400,17.75,15278,"PB",0.0116180128289043
251350,819,170.26,5223,"PB",0.325981236837067
251360,783,269.62,7113,"PB",0.379052439195839
251365,32.66,23.23,2680,"PB",0.0866791044776119
251380,944,173.08,4592,"PB",0.37691637630662
251385,NA,NA,2541,"PB",NA
251390,8094,32.34,33464,"PB",0.00966411666268229
251392,212.05,91.21,4451,"PB",0.204920242642103
251394,592,4.64,2563,"PB",0.0181037846273898
251396,NA,NA,3061,"PB",NA
251398,0,30.51,3375,"PB",0.0904
251400,162.78,111.02,4323,"PB",0.256812398797132
251410,NA,NA,4432,"PB",NA
251420,904,137.09,7677,"PB",0.178572358994399
251430,130.87,102.61,6231,"PB",0.164676616915423
251440,147.69,67.36,4684,"PB",0.143808710503843
251450,4151,871.36,19956,"PB",0.436640609340549
251455,NA,NA,3955,"PB",NA
251460,586,88.71,3492,"PB",0.254037800687285
251465,373,5.7,1780,"PB",0.0320224719101124
251470,1010,7.38,4124,"PB",0.0178952473326867
251480,117.9,82.19,3729,"PB",0.220407615982837
251490,2298,14.89,7756,"PB",0.0191980402269211
251510,1159,226.33,11677,"PB",0.193825468870429
251520,0,0,3440,"PB",0
251540,710,204.88,10900,"PB",0.187963302752294
251550,522.62,425.08,13564,"PB",0.313388381008552
251570,541,103.75,3078,"PB",0.337069525666017
251600,4457,319.18,26734,"PB",0.119391037629984
251610,3277,501.08,14714,"PB",0.340546418377056
251615,NA,NA,3475,"PB",NA
251620,14975,0,68822,"PB",0
251630,923.47,638.57,16784,"PB",0.380463536701621
251640,1326,39.52,10822,"PB",0.0365182036592127
251650,0,0,15376,"PB",0
251660,3080,19.12,14568,"PB",0.0131246567819879
251670,1400,245.82,14974,"PB",0.164164551889943
251675,0,0,3011,"PB",0
251680,0,0,9447,"PB",0
251690,3310,672.43,15228,"PB",0.441574730759128
251700,417,7.87,9889,"PB",0.00795833754676914
251710,828,5.57,2747,"PB",0.0202766654532217
251720,309,26.96,5295,"PB",0.0509159584513692
251740,0,0,2208,"PB",0
260010,12151,2881.67,36709,"PE",0.785003677572258
260020,423.28,273.22,19031,"PE",0.143565761126583
260030,1127.91,731.19,24256,"PE",0.3014470646438
260050,5663,648.35,42566,"PE",0.152316402762768
260060,800,0,14341,"PE",0
260080,968.09,559.04,22876,"PE",0.24437838783004
260100,2332,374.21,10882,"PE",0.343879801507076
260110,15114,147.2,82800,"PE",0.0177777777777778
260120,2312.83,1535.19,72625,"PE",0.211385886402754
260160,1133.01,588.56,20675,"PE",0.2846723095526
260170,25616,226.97,75462,"PE",0.0300773899446079
260180,1691,0,12539,"PE",0
260190,3722.37,1479.63,60386,"PE",0.245028649024608
260200,4855,39.95,37317,"PE",0.0107055765468821
260210,1551.29,1040.66,47760,"PE",0.217893634840871
260220,1010.89,468.75,38924,"PE",0.120426985921283
260240,135.71,101.96,8989,"PE",0.113427522527534
260250,1513,10.33,7464,"PE",0.0138397642015005
260260,6305,575.98,49092,"PE",0.117326652000326
260280,519.72,323.17,56523,"PE",0.0571749553279196
260300,7833,121.99,33247,"PE",0.0366920323638223
260310,613.33,480.64,19951,"PE",0.240910230063656
260320,1907,18,28145,"PE",0.0063954521229348
260330,910,83.47,11136,"PE",0.0749551005747126
260340,191.04,84.06,5745,"PE",0.146318537859008
260350,3947,490.46,18292,"PE",0.268128143450689
260370,4243,696.85,24837,"PE",0.280569311913677
260380,25.46,22.79,19997,"PE",0.011396709506426
260390,532.11,376.24,19318,"PE",0.194761362459882
260392,0,0,12603,"PE",0
260410,83377,20789.2,347088,"PE",0.598960494168626
260415,490,171.92,14219,"PE",0.120908643364512
260430,2413,19.88,11515,"PE",0.0172644376899696
260450,3775,629.24,21274,"PE",0.295778885023973
260470,685.15,353.58,17968,"PE",0.196783170080142
260490,621.31,217.8,13132,"PE",0.165854401462077
260500,1331.17,888.29,23841,"PE",0.372589237028648
260510,5507,0,36184,"PE",0
260515,2488,252.38,18321,"PE",0.137754489383767
260530,696.39,440.92,31928,"PE",0.138098220997244
260560,708.13,389.19,22588,"PE",0.172299451035948
260570,7035,1335.34,31809,"PE",0.419799427834889
260580,131.01,124.77,15137,"PE",0.0824271652242849
260600,9989.27,4857.58,136949,"PE",0.35469992478952
260630,812,176.58,7308,"PE",0.241625615763547
260640,6999.81,4056.05,81893,"PE",0.495286532426459
260650,NA,NA,19010,"PE",NA
260660,4115,0,28604,"PE",0
260670,1384,119.04,7725,"PE",0.154097087378641
260690,2668,21.19,12137,"PE",0.017459009639944
260700,989.29,823.14,21932,"PE",0.375314608790808
260710,61.49,58.56,4556,"PE",0.128533801580334
260730,691.26,441.33,29721,"PE",0.148490965983648
260740,291.47,172.53,4754,"PE",0.362915439629785
260750,5104,0,26412,"PE",0
260770,2007,0,13780,"PE",0
260800,0,0,16858,"PE",0
260805,3264,1072.23,14587,"PE",0.735058613834236
260810,880.95,379.69,32939,"PE",0.115270651810923
260825,649,3.46,11202,"PE",0.00308873415461525
260830,21.46,20.44,14525,"PE",0.0140722891566265
260840,4033,460.41,15171,"PE",0.303480324302946
260860,2035,247.34,12865,"PE",0.192258064516129
260870,557.97,314.08,16161,"PE",0.194344409380608
260875,4280,55.13,24757,"PE",0.0222684493274629
260880,2211.57,1006.27,39240,"PE",0.256439857288481
260915,163.14,155.37,20302,"PE",0.0765294059698552
260930,3261,151.88,15098,"PE",0.10059610544443
260970,1690,335.27,23663,"PE",0.141685331530237
260980,513.59,168.81,14445,"PE",0.116863966770509
260990,13179,2079.96,67676,"PE",0.307340859388853
261010,1625,400.93,7969,"PE",0.503112059229514
261020,5041,40.97,26464,"PE",0.0154814087061669
261030,432,46.24,11357,"PE",0.0407149775468874
261040,2828,594.31,21193,"PE",0.28042749964611
261050,541.2,386.48,28982,"PE",0.133351735560003
261080,67.4,39.36,22401,"PE",0.0175706441676711
261090,8381,1869.45,66153,"PE",0.282594893655617
261100,6852,2219.7,35342,"PE",0.628062927961066
261110,75261,20584.1,331951,"PE",0.620094532024305
261120,10.24,9.75,11265,"PE",0.00865512649800266
261153,104,87.16,6823,"PE",0.1277443939616
261170,579.19,466.41,20177,"PE",0.231159240719631
261200,397.04,341.05,10437,"PE",0.326770144677589
261210,413.53,68.99,10423,"PE",0.066190156384918
261220,17318,3975.14,59769,"PE",0.665083906372869
261230,1664,88.78,15742,"PE",0.0563969000127049
261240,673.37,412.66,25047,"PE",0.164754261987464
261245,434.69,191.75,14857,"PE",0.12906374099751
261247,47,0,12375,"PE",0
261250,2020.13,1299.61,101485,"PE",0.128059319111199
261255,1553,12.21,14172,"PE",0.0086155800169348
261260,1387.92,567.64,41293,"PE",0.137466398663212
261270,2085,168.22,13826,"PE",0.12166931867496
261280,242.1,196.91,11627,"PE",0.169355809753161
261300,1109.81,550.46,57659,"PE",0.0954681836313498
261310,8014,1036.03,36763,"PE",0.281813236134157
261320,515.87,416.6,22403,"PE",0.185957237869928
261330,5023,729.55,21171,"PE",0.34459874356431
261350,5639,0,33677,"PE",0
261360,8135,63.74,33365,"PE",0.0191038513412258
261390,24690,5691.98,84352,"PE",0.674788979514416
261400,2437,242.24,19017,"PE",0.127380764579061
261410,570.7,451.16,35367,"PE",0.127565244436904
261430,280.33,134.29,11242,"PE",0.119453833837395
261440,528,56.75,5949,"PE",0.0953941838964532
261450,2334.91,1534.77,63166,"PE",0.242974068327898
261460,1655.44,679.94,27958,"PE",0.243200515058302
261470,2236,316.01,12891,"PE",0.24514002016911
261480,925.79,463.29,24626,"PE",0.188130431251523
261500,2586,25.48,27592,"PE",0.00923456074224413
261510,146.99,79.89,7057,"PE",0.113206745075811
261520,389.17,264.88,10185,"PE",0.260068728522337
261540,823.21,630.06,42123,"PE",0.149576241008475
261560,1095.31,797.62,29519,"PE",0.270205630272028
261570,2468,162.24,15250,"PE",0.106386885245902
261580,3276,0,26454,"PE",0
261590,203.27,143.13,8149,"PE",0.175641182967235
261600,2128,5.44,17870,"PE",0.00304420817011752
261610,600.66,251.66,9450,"PE",0.266306878306878
261618,891,54.3,7746,"PE",0.0701006971340046
261620,4278,564.04,19976,"PE",0.282358830596716
270010,2929,156.87,20434,"AL",0.0767691103063522
270030,57228,258.29,231053,"AL",0.0111788204437943
270070,2737,0,18496,"AL",0
270090,0,77.34,6775,"AL",0.114154981549816
270120,463,0,10818,"AL",0
270160,0,200.69,17976,"AL",0.111643302180685
270180,0,203.9,8969,"AL",0.227338610770431
270200,0,106.92,10992,"AL",0.0972707423580786
270235,0,538.11,24288,"AL",0.221553853754941
270240,14522,208,51997,"AL",0.0400023078254515
270250,1046,0,11224,"AL",0
270255,188.42,182.61,18306,"AL",0.0997541789577188
270290,0,631.69,40519,"AL",0.155899701374664
270310,0,417.02,26041,"AL",0.160139779578357
270330,2024,0,18621,"AL",0
270340,0,212.77,5429,"AL",0.391913796279241
270370,0,81.65,5695,"AL",0.143371378402107
270410,3025,0,18343,"AL",0
270440,1889,0,20047,"AL",0
270460,1431,0,9770,"AL",0
270500,0,323.94,25590,"AL",0.126588511137163
270530,0,37.29,5425,"AL",0.0687373271889401
270540,0,176.02,7241,"AL",0.243087971274686
270570,0,793.11,21641,"AL",0.366484912896816
270580,797.07,620.21,9298,"AL",0.667035921703592
270600,0,213.04,11688,"AL",0.18227241615332
270610,1195,0,11537,"AL",0
270620,968,0,5004,"AL",0
270630,16861,0,73878,"AL",0
270640,6017,1552.48,24878,"AL",0.624037302033926
270642,1964,0,10601,"AL",0
270710,3480.7,701.05,24950,"AL",0.280981963927856
270720,0,133.45,14493,"AL",0.0920789346581108
270760,7613.35,5228.93,11592,"AL",4.51080917874396
270800,10347,0,47820,"AL",0
270840,0,566.11,32271,"AL",0.175423755074215
270895,986,0,13909,"AL",0
270920,2008,10224.42,27798,"AL",3.67811353334772
280010,241.78,76.74,2374,"SE",0.323251895534962
280020,1931.58,642.81,21312,"SE",0.301618806306306
280110,607.07,153.17,4057,"SE",0.377544983978309
280120,3035.34,690.09,28279,"SE",0.244029138229782
280140,1379.7,606.53,21484,"SE",0.282317073170732
280160,879.79,235.5,5890,"SE",0.399830220713073
280190,551.88,233.27,3985,"SE",0.585370138017566
280220,673.82,209.12,5573,"SE",0.375237753454154
280230,4451,965.79,15047,"SE",0.641848873529607
280240,3036,917.84,11724,"SE",0.78287273967929
280260,2113,551.88,5848,"SE",0.943707250341997
280310,832.35,243.03,5017,"SE",0.484412995814232
280370,1828,348,6824,"SE",0.509964830011723
280420,3866,1793.61,14853,"SE",1.2075742274288
280445,2112,52.95,8830,"SE",0.0599660249150623
280450,3725.19,1455.41,35726,"SE",0.407381178973297
280460,7219,1635.77,26240,"SE",0.623387957317073
280470,965.79,237.82,6494,"SE",0.366214967662458
280500,206.95,109.55,3199,"SE",0.342450765864333
280520,394.2,162.12,6440,"SE",0.251739130434783
280540,4626,2759.4,33757,"SE",0.81743045886779
280550,6209,0,23416,"SE",0
280560,3311.28,888.75,28492,"SE",0.311929664467219
280570,3845.98,1079.97,29655,"SE",0.364178047546788
280600,1155,531.96,18362,"SE",0.28970700359438
280700,275.94,93.55,3902,"SE",0.239748846745259
280710,8733,2645.46,40526,"SE",0.652780930760499
280730,528.65,120.08,3170,"SE",0.378801261829653
280740,12233,2597.37,51375,"SE",0.505570802919708
290010,NA,NA,9226,"BA",NA
290020,3030,634.06,19574,"BA",0.323929702666803
290035,0,351.93,17153,"BA",0.205171107094969
290040,360.8,238.28,17043,"BA",0.139811066126856
290050,1880,119,11437,"BA",0.104048264405001
290100,10989,1262.72,37807,"BA",0.33399105985664
290115,4024,645.83,16923,"BA",0.381628552857058
290120,2111,313.23,20096,"BA",0.155866839171975
290130,2649,366.71,13723,"BA",0.267222910442323
290135,3680,0,14791,"BA",0
290150,372.42,195.54,11299,"BA",0.173059562793168
290160,438.83,309.39,19183,"BA",0.16128342803524
290170,174.48,153.92,12225,"BA",0.125905930470348
290180,341.67,278.47,12187,"BA",0.228497579387872
290200,244.89,189.96,14089,"BA",0.134828589679892
290210,7723,0,56370,"BA",0
290260,4344,646.74,21197,"BA",0.305109213567958
290265,1648,0,13711,"BA",0
290270,NA,NA,54188,"BA",NA
290280,7297,97.93,22394,"BA",0.0437304635170135
290290,1100.84,1115.78,34853,"BA",0.320138868963934
290300,3714,501.35,14526,"BA",0.345139749414842
290323,216.72,194.44,15377,"BA",0.126448592053066
290327,0,335.61,15770,"BA",0.21281547241598
290350,0,154.64,18383,"BA",0.0841211989337975
290360,733.64,581.51,15799,"BA",0.36806759921514
290370,2814,403.56,14577,"BA",0.276847087878164
290380,408.69,358.26,18658,"BA",0.192014149426519
290390,4080,2183,69526,"BA",0.313983258061732
290395,1332,185.53,10554,"BA",0.175791169224938
290400,211.66,181.73,14585,"BA",0.124600617072335
290405,221.78,180.19,16873,"BA",0.106791916078943
290410,NA,NA,22429,"BA",NA
290420,284.22,265.53,11021,"BA",0.240930950004537
290430,4251,577.58,15214,"BA",0.379637176285001
290440,130.95,103.95,10698,"BA",0.0971676948962423
290450,143.5,131.7,11070,"BA",0.118970189701897
290460,19770,3330.88,69255,"BA",0.480958775539672
290475,NA,NA,21549,"BA",NA
290480,230.31,168.95,10166,"BA",0.166191225654141
290485,297.89,255.94,18978,"BA",0.134861418484561
290500,927.15,684.27,23545,"BA",0.290622212784031
290510,1167,58.82,10143,"BA",0.057990732524894
290515,133.42,97.69,15982,"BA",0.0611250156425979
290520,10179,1426.4,52531,"BA",0.271534903200015
290530,3308,536.03,18695,"BA",0.286723722920567
290550,432.11,355.85,13641,"BA",0.260867971556338
290590,0,0,29938,"BA",0
290600,1237.21,859.91,72271,"BA",0.118984101506828
290620,900.12,563.91,26382,"BA",0.213748010006823
290640,232.47,112.95,9011,"BA",0.125346798357563
290660,3052,530.75,14667,"BA",0.361866775755096
290670,5207,738.26,26855,"BA",0.274905976540681
290680,8235,0,35235,"BA",0
290682,3313,82.3,17177,"BA",0.0479129067939687
290685,449.96,449.1,12118,"BA",0.370605710513286
290687,12855,1331.76,29346,"BA",0.453813126150072
290689,1243,19.26,10016,"BA",0.0192292332268371
290710,6079,1915,29955,"BA",0.639292271740945
290720,4283.54,3691.12,72172,"BA",0.511433797040403
290730,7192,1063.96,27286,"BA",0.38992890126805
290755,266.68,176.61,9762,"BA",0.180915795943454
290760,742.63,498.43,18140,"BA",0.274768467475193
290770,342.51,224.08,11522,"BA",0.194480124978302
290780,3201.37,2872,34478,"BA",0.832994953303556
290790,4144,0,17602,"BA",0
290810,NA,NA,19396,"BA",NA
290840,17370,57.01,68146,"BA",0.00836586153259179
290870,2982,412.91,18269,"BA",0.226016749685259
290880,999,147.54,4326,"BA",0.341054091539528
290900,1515,211.76,8834,"BA",0.239710210550147
290910,4616,478,14976,"BA",0.31917735042735
290920,3647,52.76,17098,"BA",0.0308574102234179
290950,134.52,92.56,5560,"BA",0.166474820143885
290960,3199,0,21617,"BA",0
290990,2864.23,805.43,35208,"BA",0.228763349238809
291010,NA,NA,12499,"BA",NA
291030,145.52,124.08,8434,"BA",0.147118804837562
291040,242.7,184.21,20331,"BA",0.0906054793172987
291070,13656,0,60666,"BA",0
291075,785.03,996,18481,"BA",0.538931875980737
291077,NA,NA,5914,"BA",NA
291080,160757,35389.53,617528,"BA",0.573083811584252
291085,628.18,474.21,17583,"BA",0.269698003753626
291125,1275,8.49,4712,"BA",0.0180178268251273
291130,1056,75.87,11423,"BA",0.0664186290816773
291140,3735,93.81,16072,"BA",0.0583685913389746
291165,978,137.27,8805,"BA",0.155900056785917
291170,25591,4401.56,85797,"BA",0.513020268773966
291185,0,233.29,13762,"BA",0.169517511989536
291190,1101.92,799.62,26178,"BA",0.305454962181985
291200,327.99,259.08,10502,"BA",0.246695867453818
291220,1417,171.31,19548,"BA",0.0876355637405361
291240,683.46,508.2,18674,"BA",0.272143086644532
291250,308.76,221.32,15296,"BA",0.144691422594142
291260,1104,137.02,5158,"BA",0.265645599069407
291300,107.4,102.75,16699,"BA",0.0615306305766812
291310,6000,931.9,18727,"BA",0.497623751802211
291320,1113.66,790.94,27655,"BA",0.28600253118785
291330,216.84,120.76,6311,"BA",0.191348439233085
291340,NA,NA,16225,"BA",NA
291350,5107,655.06,27787,"BA",0.235743333213373
291370,7111,0,40915,"BA",0
291380,2120,433.59,15521,"BA",0.279357000193287
291400,14619,2000.11,62095,"BA",0.322104839359047
291410,305.8,290.13,10113,"BA",0.286888163749629
291420,0,160.95,7472,"BA",0.215404175588865
291430,2020,369.52,10487,"BA",0.352360064842186
291440,348.72,242.59,25006,"BA",0.0970127169479325
291460,25727,3876.43,73380,"BA",0.528267920414282
291470,21839,3135.17,66310,"BA",0.472805006786307
291500,260.41,245.53,16446,"BA",0.149294661315821
291510,463.18,350.95,13359,"BA",0.262706789430347
291535,195.05,136.94,14667,"BA",0.0933660598622758
291580,841.72,678.46,23327,"BA",0.290847515754276
291640,21700,5695.08,76184,"BA",0.747542791137247
291650,730.65,564.98,35987,"BA",0.15699558173785
291670,1709,14.9,8519,"BA",0.0174903157647611
291680,729.89,574.28,20091,"BA",0.285839430590812
291685,4829,681.88,14763,"BA",0.461884440831809
291690,3425,37.11,13307,"BA",0.0278875779664838
291700,5112,560.22,38492,"BA",0.145541930790814
291710,3105,3105,21178,"BA",1.46614411181415
291720,2566,414.62,19406,"BA",0.213655570442131
291733,224.66,202.47,11331,"BA",0.178686788456447
291740,1295,0,15409,"BA",0
291750,22514,4138.29,84811,"BA",0.487942601785146
291760,13962,1757.96,55449,"BA",0.317040884416311
291770,6781,2004.14,33186,"BA",0.603911287892485
291800,8200.98,5563.17,161528,"BA",0.344409018869793
291810,7355,1003.47,41100,"BA",0.244153284671533
291835,6531,1025.82,25141,"BA",0.408026729247047
291840,21432,20993,218324,"BA",0.961552554918378
291850,720.96,499.37,15841,"BA",0.315238936935799
291860,1338,201.18,7229,"BA",0.278295753216212
291870,927,91.26,4020,"BA",0.227014925373134
291875,148.91,127.38,15801,"BA",0.0806151509398139
291900,852,5.28,3974,"BA",0.013286361348767
291905,363.3,344.89,8836,"BA",0.390323675871435
291910,90.49,168.66,9442,"BA",0.178627409447151
291915,1296,897.36,27521,"BA",0.326063733149232
291930,2943,400.54,11445,"BA",0.349969418960245
291940,1797,144.13,12966,"BA",0.111159956810119
291950,1674.97,990.67,46035,"BA",0.215199304876724
291960,3286,34.91,11837,"BA",0.0294922700008448
291970,988.19,988.19,18786,"BA",0.526024699244118
291980,15503,633.21,50262,"BA",0.125981855079384
291990,0,0,8365,"BA",0
291995,1466,215.8,5174,"BA",0.417085427135678
292000,402.52,269.09,10082,"BA",0.266901408450704
292010,4045,359.12,20097,"BA",0.178693337314027
292020,429.98,320.79,17455,"BA",0.183781151532512
292030,1203,0,8896,"BA",0
292040,235.88,200.66,14488,"BA",0.138500828271673
292050,5604,546.51,23751,"BA",0.230099785272199
292080,2423,264.02,10951,"BA",0.241092137704319
292105,191.5,140.28,12314,"BA",0.113919116452818
292120,929.98,929.98,27536,"BA",0.337732423009878
292130,3666,545.92,11659,"BA",0.468239128570203
292140,111.74,101.06,18039,"BA",0.0560230611452963
292145,856,100.86,9902,"BA",0.101858210462533
292150,5824,0,54733,"BA",0
292160,2059,278.58,8967,"BA",0.310672465707594
292170,7200,0,36717,"BA",0
292180,2317,251.61,12477,"BA",0.201659052656889
292190,0,450.5,10244,"BA",0.439769621241702
292205,2202,256.53,12200,"BA",0.210270491803279
292210,5050,684.78,27165,"BA",0.25208172280508
292225,121.78,83.65,11495,"BA",0.0727707698999565
292265,2945,0,13321,"BA",0
292270,369.61,244.12,17082,"BA",0.142910666198337
292273,311.35,295.65,8125,"BA",0.363876923076923
292280,1364,206.75,8312,"BA",0.24873676612127
292285,248.22,175.98,9470,"BA",0.185828933474129
292290,564.63,436.57,25854,"BA",0.16885975090895
292303,0,0,12238,"BA",0
292305,1950,0,15993,"BA",0
292310,4741,43.19,26817,"BA",0.0161054554946489
292320,1265,357,22774,"BA",0.156757706156143
292335,303.52,241.3,17775,"BA",0.135752461322082
292340,3312,509.35,22416,"BA",0.227226088508208
292350,248.54,157.34,9130,"BA",0.172332968236583
292360,6846,1065.22,22077,"BA",0.482502151560448
292370,NA,NA,32636,"BA",NA
292380,6303,0,29878,"BA",0
292400,7371.58,4717.13,119214,"BA",0.39568590937306
292405,293.14,293.14,14471,"BA",0.202570658558496
292420,0,152.61,18135,"BA",0.0841521918941274
292430,NA,NA,18473,"BA",NA
292440,NA,NA,35428,"BA",NA
292450,1346,230.29,16805,"BA",0.137036596251116
292460,NA,NA,21062,"BA",NA
292465,2200,31.46,10742,"BA",0.0292869111897226
292470,2017,241.31,12238,"BA",0.197180911913711
292480,749.22,851.4,25027,"BA",0.340192592000639
292490,1376,127.4,9473,"BA",0.134487490763222
292500,5819,803.05,26632,"BA",0.301535746470412
292510,1866.83,1496.42,48729,"BA",0.307090233741714
292525,843.28,445.57,16168,"BA",0.27558758040574
292540,2199,477.62,8969,"BA",0.532523135243617
292560,4956,784.53,14712,"BA",0.533258564437194
292570,1901,44.37,13178,"BA",0.0336697526179997
292580,720.28,543.31,26083,"BA",0.208300425564544
292590,5623,0,28655,"BA",0
292593,312.29,199.34,10033,"BA",0.198684341672481
292595,588.69,352.84,24349,"BA",0.144909441866196
292600,5907,3315.22,42275,"BA",0.784203429923122
292610,0,289.17,13319,"BA",0.217110894211277
292630,10453,1332.78,35403,"BA",0.376459622065927
292640,NA,NA,36039,"BA",NA
292650,94.7,57.12,15269,"BA",0.0374091296090117
292660,12971,138.76,51418,"BA",0.0269866583686647
292665,17.74,14.3,8260,"BA",0.0173123486682809
292670,371.8,232.98,13616,"BA",0.171107520564042
292680,509.29,387.24,15628,"BA",0.247786025083184
292690,1977,281.12,12084,"BA",0.232638199271764
292710,0,0,8887,"BA",0
292720,1135.44,783.67,31867,"BA",0.245918975742932
292750,4111,56.87,20754,"BA",0.0274019466127012
292760,3032,0,15100,"BA",0
292790,3272,401.43,11177,"BA",0.359157197816946
292800,1030.65,717.42,36915,"BA",0.19434376269809
292820,854.01,669.23,27260,"BA",0.245498899486427
292830,318.12,139.13,9442,"BA",0.147352255877992
292850,2542,394.28,10586,"BA",0.372454184772341
292880,12719,2247.59,53193,"BA",0.422534920008272
292895,323.97,323.97,9877,"BA",0.328004454793966
292905,907.39,668.53,15647,"BA",0.427257621269253
292925,5871,840.88,19542,"BA",0.430293726333026
292937,292.14,272.52,11061,"BA",0.246379170056957
292970,304.1,264.16,20320,"BA",0.13
292980,237.19,206.74,12739,"BA",0.162289033676113
292990,733.96,733.96,45202,"BA",0.16237334631211
293000,0,920,11528,"BA",0.798056904927134
293010,25780,203.3,81330,"BA",0.0249969261035288
293015,NA,NA,33011,"BA",NA
293020,NA,NA,41464,"BA",NA
293030,3555,491.59,18389,"BA",0.267328294088857
293040,2856,508.23,15351,"BA",0.331072894273989
293050,7873.65,6633.91,83275,"BA",0.796626838787151
293060,5816,622.59,13373,"BA",0.465557466537052
293075,NA,NA,13320,"BA",NA
293076,301.23,239.67,11767,"BA",0.203679782442424
293077,4462,1125.58,23583,"BA",0.477284484586355
293080,241.16,166.15,17332,"BA",0.0958631433187168
293090,1841,234.64,13025,"BA",0.180145873320537
293100,683.57,415.74,21282,"BA",0.195348181561883
293105,548.52,321.43,17702,"BA",0.181578352728505
293110,433.44,212.45,8553,"BA",0.248392376943762
293130,3640,23.24,17398,"BA",0.0133578572249684
293150,5690,0,23011,"BA",0
293180,246.74,190.26,18187,"BA",0.104613185242206
293190,1248.09,923.94,55777,"BA",0.165648923391362
293200,1123.19,1170.67,25087,"BA",0.46664407860645
293210,3277,448.75,20782,"BA",0.215932056587431
293240,5181,772.97,14483,"BA",0.533708485810951
293245,267.23,220.47,19055,"BA",0.115701915507741
293260,NA,NA,17301,"BA",NA
293280,4648,472.37,19593,"BA",0.241091206042975
293300,7875,794.44,27906,"BA",0.284684297283738
293305,471.81,403.53,14729,"BA",0.273969719600788
293310,2636,295.38,9416,"BA",0.313700084961767
293315,3990,0,13470,"BA",0
293330,92170,16241.13,343230,"BA",0.473185036273053
293340,253.07,213.35,9731,"BA",0.219247764875141
293360,8919,5434.44,48316,"BA",1.12477026243894
310100,4017,474.4,13447,"MG",0.352792444411393
310170,13390,2011.47,41296,"MG",0.487085916311507
310270,1293,142.79,9410,"MG",0.151742826780021
310340,10178,115.41,37270,"MG",0.030965924335927
310520,1011,197.42,5019,"MG",0.393345287905957
310650,2057,247.68,12431,"MG",0.199243825919073
310665,1409,145.18,4661,"MG",0.311478223557177
310825,141.38,116.92,10669,"MG",0.109588527509607
311270,3427,0,15074,"MG",0
311300,3200,363.11,23571,"MG",0.154049467566077
311547,980,120.12,5174,"MG",0.232160804020101
311610,271.13,90.32,15657,"MG",0.0576866577249792
311700,1630,177.91,7835,"MG",0.227070835992342
311783,596,0,7564,"MG",0
311950,2664,26.64,9400,"MG",0.0283404255319149
312030,1367,159.74,6010,"MG",0.265790349417637
312087,212.29,177.54,7491,"MG",0.237004405286344
312235,276.16,240.59,6478,"MG",0.371395492435937
312245,2764,259,10209,"MG",0.253697717700069
312430,8690,1408.06,32151,"MG",0.43795216322976
312560,2170,273.06,7338,"MG",0.372117743254293
312650,1804,202.84,10550,"MG",0.192265402843602
312670,4566,320.34,26217,"MG",0.122187893351642
312707,101.23,100.77,5809,"MG",0.173472198312963
312733,NA,NA,5255,"MG",NA
312780,2488,25.65,15805,"MG",0.0162290414425815
312965,158.35,131.6,6206,"MG",0.212052852078634
313065,1140,59.52,7526,"MG",0.079085835769333
313210,4638,681.5,18383,"MG",0.370722950552141
313330,6877,100.63,21564,"MG",0.0466657391949546
313400,3070,469.58,15059,"MG",0.311826814529517
313470,3119,412.3,12537,"MG",0.328866554997208
313505,7513,996.41,37054,"MG",0.268907540346521
313510,24292,3357.57,70886,"MG",0.473657703918968
313520,15241,2333.95,68247,"MG",0.341985728310402
313535,1368,0,8643,"MG",0
313545,154.28,154.28,7580,"MG",0.20353562005277
313580,7171,64.69,25365,"MG",0.0255036467573428
313600,3994,500.72,15562,"MG",0.321758128775222
313650,2691,17.45,10826,"MG",0.016118603362276
313652,562,10.03,4643,"MG",0.0216024122334697
313657,1036,81.87,4830,"MG",0.169503105590062
313695,180.34,148.53,5861,"MG",0.253420917932093
313865,242.15,195.92,8938,"MG",0.219198925934213
313925,NA,NA,6591,"MG",NA
313930,4767,710.54,19622,"MG",0.36211395372541
314055,3176,331.59,8425,"MG",0.393578635014837
314085,331.31,257.38,10822,"MG",0.237830345592312
314100,568.64,395.83,12895,"MG",0.306963939511439
314140,5624,584.77,21459,"MG",0.272505708560511
314225,523,0,4832,"MG",0
314270,3476,595.17,15779,"MG",0.377191203498321
314290,5736,856.25,21990,"MG",0.389381537062301
314315,857,108.61,4897,"MG",0.22178885031652
314345,1277,154.91,8041,"MG",0.192650167889566
314465,1455,264.92,10301,"MG",0.257178914668479
314505,2300,314.26,7636,"MG",0.411550550026192
314530,4307,35.55,31803,"MG",0.0111781907367229
314537,177.5,136.23,5255,"MG",0.259238820171265
314625,185.14,145.58,6250,"MG",0.232928
314630,4141,723.62,19971,"MG",0.36233538631015
314655,791,0,6162,"MG",0
314795,1044,0,5914,"MG",0
314870,6709,1125.29,24683,"MG",0.455896771057003
314915,2115,278.01,11193,"MG",0.248378450817475
315217,264.92,190.28,12016,"MG",0.158355525965379
315220,11599,1578.29,38720,"MG",0.407616219008264
315450,1562,11.99,9658,"MG",0.0124145785876993
315560,4257,556.15,30732,"MG",0.18096772094234
315650,1830,162.37,7093,"MG",0.228915832510926
315660,286.81,272.47,10330,"MG",0.263765730880929
315700,14989,276.77,41301,"MG",0.0670129052565313
315710,325.99,273.8,7107,"MG",0.38525397495427
315737,758,68.26,4383,"MG",0.155738078941364
315810,204.58,139.09,5393,"MG",0.257908399777489
316045,760,0,7290,"MG",0
316240,407.92,294.44,25906,"MG",0.113657067860727
316245,179.27,138.73,12652,"MG",0.109650648118874
316270,566.43,464.4,23526,"MG",0.197398622800306
316695,926,98.44,4712,"MG",0.208913412563667
316800,10071,100,33315,"MG",0.030016509079994
317065,119.12,98.16,4989,"MG",0.196752856283824
317090,491.12,445.91,19702,"MG",0.226327276418638
317103,1829,246.66,9056,"MG",0.272371908127208
317160,3759,496.97,14030,"MG",0.354219529579473
